                  epoch,         train/box_loss,         train/cls_loss,         train/dfl_loss,   metrics/precision(B),      metrics/recall(B),       metrics/mAP50(B),    metrics/mAP50-95(B),           val/box_loss,           val/cls_loss,           val/dfl_loss,                 lr/pg0,                 lr/pg1,                 lr/pg2
                      1,                 1.6988,                 4.5488,                 1.2054,                      0,                      0,                      0,                      0,                  1.294,                 4.2493,                 1.0831,              0.0001875,              0.0001875,              0.0001875
                      2,                 1.3174,                  4.312,                 1.0106,                 0.0011,                   0.25,                0.00276,                0.00193,                 1.0116,                 4.0424,                0.95906,             0.00031078,             0.00031078,             0.00031078
                      3,                 1.3413,                 4.0323,                 1.0481,                 0.0011,                   0.25,                0.00276,                0.00193,                 1.0116,                 4.0424,                0.95906,             0.00035485,             0.00035485,             0.00035485
                      4,                 1.5537,                   4.28,                 1.1377,                0.00182,                 0.3125,                0.06267,                0.05008,                0.99314,                 3.9598,                0.94372,             0.00031973,             0.00031973,             0.00031973
                      5,                 1.0559,                 4.1768,                0.87255,                0.00182,                 0.3125,                0.06267,                0.05008,                0.99314,                 3.9598,                0.94372,              0.0002054,              0.0002054,              0.0002054
